ID,Modulo,Estado,Frontend,Componente,Endpoint,Backend,Servicio,Tabla,Roles,Dependencias,Pruebas,Brecha,PrimerArchivo,Riesgo
MAP-01,Autenticacion y sesion,IMPLEMENTADO,/login,LoginPage,POST /api/auth/login,backend/src/routes/auth.routes.ts,bcrypt y JWT,usuarios,publico; luego todos,JWT_SECRET y DB,No automatizadas localizadas,Sin brecha MVP explicita,frontend/src/app/login/page.tsx,Alto
MAP-02,Dashboard,INCONSISTENTE,/dashboard,Dashboard,NO LOCALIZADO,NO LOCALIZADO,mockData,memoria local,admin efectivo,Auth y decision institucional,No automatizadas,GAP-07 datos simulados,frontend/src/app/dashboard/page.tsx,Alto
MAP-03,Usuarios,IMPLEMENTADO,/admin/usuarios*,Paginas usuarios,GET POST PATCH /api/admin/usuarios*,backend/src/routes/admin.routes.ts,bcrypt y consultas,usuarios; empresas,admin,Auth y Empresas,Regresion documental; suite no localizada,Sin brecha MVP aislada,backend/src/routes/admin.routes.ts,Alto
MAP-04,Empresas,PARCIAL,/admin/empresas y crear editar,Paginas empresas,GET /api/admin/empresas; escrituras NO LOCALIZADAS,backend/src/routes/admin.routes.ts,consulta directa,empresas,admin escritura UI; admin consultor lectura,Auth; Usuarios; Clientes,Suite no localizada,GAP-03 CRUD incompleto,backend/src/routes/admin.routes.ts,Alto
MAP-05,Clientes listado y consulta,IMPLEMENTADO,/cliente/clientes*,Listado y detalle,GET /api/cliente/clientes y /:id,backend/src/routes/cliente.routes.ts,materializeChildren,clientes y relacionadas,admin consultor cliente por empresa,Auth Empresa Contrato,Suite no localizada,GAP-05 campos,frontend/src/app/cliente/clientes/[id]/page.tsx,Alto
MAP-06,Registro clientes PF,IMPLEMENTADO,/cliente/registrar-cliente,ClientPage,POST /api/cliente/registrar-cliente,backend/src/routes/cliente.routes.ts,validacion y transaccion,clientes; cliente_relacionados; cliente_recursos_terceros,admin cliente,BC Catalogos Auth,Suite no localizada,GAP-01 GAP-02 GAP-05,frontend/src/app/cliente/registrar-cliente/ClientPage.tsx,Alto
MAP-07,Registro clientes PM,IMPLEMENTADO,/cliente/registrar-cliente,ClientPage PM,POST /api/cliente/registrar-cliente,backend/src/routes/cliente.routes.ts,validacion BC y transaccion,clientes; cliente_duenos_beneficiarios; cliente_relacionados,admin cliente,BC Empresa Catalogos,Suite no localizada,Regresion de contrato,backend/src/routes/cliente.routes.ts,Alto
MAP-08,Registro fideicomiso,IMPLEMENTADO,/cliente/registrar-cliente,ClientPage FID,POST /api/cliente/registrar-cliente,backend/src/routes/cliente.routes.ts,validacion FID BC,clientes y relacionadas,admin cliente,BC Empresa,Suite no localizada,Cobertura especifica no localizada,frontend/src/app/cliente/registrar-cliente/ClientPage.tsx,Alto
MAP-09,Edicion clientes,IMPLEMENTADO,/cliente/editar-cliente/[id],EditarClientePage,GET PUT /api/cliente/clientes/:id,backend/src/routes/cliente.routes.ts,deepMerge y transaccion,clientes y relacionadas,admin consultor cliente por empresa,Contrato y compatibilidad legacy,Suite no localizada,GAP-05,frontend/src/app/cliente/editar-cliente/[id]/page.tsx,Muy alto
MAP-10,Beneficiario Controlador,IMPLEMENTADO,/cliente/registrar-cliente y editar,Controles en ClientPage y editar,POST registrar y PUT cliente,backend/src/routes/cliente.routes.ts,normalizacion y validacion,clientes.datos_completos; cliente_relacionados; cliente_duenos_beneficiarios,segun flujo cliente,PF PM FID e impresion,Suite no localizada,GAP-01 UX y legado,frontend/src/app/cliente/registrar-cliente/ClientPage.tsx,Muy alto
MAP-11,Impresion expediente,PARCIAL,/cliente/clientes/[id]/imprimir,ImprimirClientePage,GET /api/cliente/clientes/:id,backend/src/routes/cliente.routes.ts,materializacion cliente,clientes y relacionadas,autenticado por alcance,Empresas identidad contenido legal,Suite no localizada,GAP-04 identidad e impresion,frontend/src/app/cliente/clientes/[id]/imprimir/page.tsx,Alto
MAP-12,Carga Masiva,PARCIAL,/cliente/carga-masiva,CargaMasivaPage,POST /api/cliente/carga-masiva NO LOCALIZADO,NO LOCALIZADO,NO LOCALIZADO,clientes INFERIDO,admin cliente solo frontend,Registro validaciones atomicidad,Script legacy inconsistente no ejecutado,GAP-06,frontend/src/app/cliente/carga-masiva/page.tsx,Muy alto
MAP-13,Catalogos y codigos postales,PARCIAL,/catalogos estaticos,loadCatalogo y loadCodigosPostalesMx,fetch estatico,NO LOCALIZADO,cache y busqueda,JSON publicos,usuarios de formularios,Fuente licencia rendimiento,Script SAT; suite no localizada,GAP-02 solo dos CP,frontend/public/catalogos/internos/codigos_postales_mx.json,Medio
MAP-14,Roles permisos middleware,IMPLEMENTADO,Rutas protegidas; Navbar; AuthGuard,middleware.ts,Todos endpoints protegidos,backend/src/middleware/,JWT y guardas empresa,usuarios empresas clientes,admin consultor cliente,Auth y empresa,Regresion documental 27/27,Inconsistencias menores,backend/src/middleware/auth.middleware.ts,Critico
MAP-15,Bitacora auditoria,AUSENTE,NO LOCALIZADO,NO LOCALIZADO,NO LOCALIZADO,NO LOCALIZADO,console solamente,logs_auditoria solo comentada,NO LOCALIZADO,Definicion regulatoria,NO LOCALIZADO,Fuera de alcance salvo carga,scripts/migracion_final_mvp.sql,Alto
MAP-16,Grado de Riesgo,DEMO,/demo/evaluaciones/grado-riesgo/[clienteId],EvaluationForm,NO LOCALIZADO,NO LOCALIZADO,calcEvaluation,localStorage; matrices_riesgo REQUIERE VALIDACION,bandera demo,Definicion metodologia auditoria,NO LOCALIZADO,GAP-09 epica separada,frontend/src/demo-evaluaciones/config/gradoRiesgo.ts,Alto
MAP-17,Perfil Transaccional,DEMO,/demo/evaluaciones/perfil-transaccional/[clienteId],EvaluationForm,NO LOCALIZADO,NO LOCALIZADO,calcEvaluation,localStorage; transacciones alertas REQUIEREN VALIDACION,bandera demo,Definicion y Riesgo,NO LOCALIZADO,GAP-10 epica separada,frontend/src/demo-evaluaciones/config/perfilTransaccional.ts,Alto
MAP-18,Infraestructura y despliegue,PARCIAL,Vercel documentado,Next config y Express app,API completa,backend/src/app.ts,pg Pool,PostgreSQL Render,todos,Variables coordinadas y schema,Validaciones documentales,URLs y versiones contradictorias,docs/infraestructura.md,Critico
